יישוב,מחוז
תל אביב - יפו,מחוז תל אביב
תל אביב,מחוז תל אביב
רמת גן,מחוז תל אביב
גבעתיים,מחוז תל אביב
בני ברק,מחוז תל אביב
חולון,מחוז תל אביב
בת ים,מחוז תל אביב
אור יהודה,מחוז תל אביב
קריית אונו,מחוז תל אביב
אזור,מחוז תל אביב
ירושלים,מחוז ירושלים
בית שמש,מחוז ירושלים
מעלה אדומים,מחוז ירושלים
ביתר עילית,מחוז ירושלים
מודיעין עילית,מחוז ירושלים
אבו גוש,מחוז ירושלים
מבשרת ציון,מחוז ירושלים
חיפה,מחוז חיפה
קריית אתא,מחוז חיפה
קריית ביאליק,מחוז חיפה
קריית מוצקין,מחוז חיפה
קריית ים,מחוז חיפה
נשר,מחוז חיפה
טירת כרמל,מחוז חיפה
נתניה,מחוז חיפה
חדרה,מחוז חיפה
אור עקיבא,מחוז חיפה
זכרון יעקב,מחוז חיפה
פרדס חנה-כרכור,מחוז חיפה
באר שבע,מחוז הדרום
שדרות,מחוז הדרום
אשקלון,מחוז הדרום
אשדוד,מחוז הדרום
נתיבות,מחוז הדרום
אופקים,מחוז הדרום
קריית גת,מחוז הדרום
קרית גת,מחוז הדרום
דימונה,מחוז הדרום
ערד,מחוז הדרום
אילת,מחוז הדרום
ירוחם,מחוז הדרום
מצפה רמון,מחוז הדרום
להבים,מחוז הדרום
עומר,מחוז הדרום
מיתר,מחוז הדרום
קצרין,רמת הגולן
פתח תקווה,מחוז המרכז
ראשון לציון,מחוז המרכז
רחובות,מחוז המרכז
נס ציונה,מחוז המרכז
רמלה,מחוז המרכז
לוד,מחוז המרכז
מודיעין-מכבים-רעות,מחוז המרכז
מודיעין,מחוז המרכז
כפר סבא,מחוז המרכז
הרצליה,מחוז המרכז
רעננה,מחוז המרכז
הוד השרון,מחוז המרכז
חבצלת השרון,מחוז המרכז
קדימה-צורן,מחוז המרכז
זמר,מחוז המרכז
אבן יהודה,מחוז המרכז
כפר יונה,מחוז המרכז
טייבה,מחוז המרכז
טירה,מחוז המרכז
קלנסווה,מחוז המרכז
יהוד-מונוסון,מחוז המרכז
גני תקווה,מחוז המרכז
אלעד,מחוז המרכז
שוהם,מחוז המרכז
יבנה,מחוז המרכז
גדרה,מחוז המרכז
מזכרת בתיה,מחוז המרכז
ראש העין,מחוז המרכז
פתח תקווה,מחוז המרכז
נהריה,מחוז הצפון
עכו,מחוז הצפון
נצרת,מחוז הצפון
נצרת עילית,מחוז הצפון
טבריה,מחוז הצפון
צפת,מחוז הצפון
עפולה,מחוז הצפון
יקנעם עילית,מחוז הצפון
מגדל העמק,מחוז הצפון
נוף הגליל,מחוז הצפון
מעלות-תרשיחא,מחוז הצפון
כרמיאל,מחוז הצפון
מצפה אבייב,מחוז הצפון
קריית שמונה,מחוז הצפון
מגאר,מחוז הצפון
סחנין,מחוז הצפון
שפרעם,מחוז הצפון
טמרה,מחוז הצפון
בוקעאתא,מחוז הצפון
מעיליה,מחוז הצפון
בית שאן,מחוז הצפון
עפולה,מחוז הצפון
